Time,SST
20030301,0.52
20030302,0.49
20030303,0.52
20030304,0.68
20030305,0.52
20030306,0.48
20030307,0.59
20030308,0.68
20030309,0.65
20030310,0.79
20030311,0.87
20030312,0.79
20030313,0.15
20030314,-0.27
20030315,-1.04
20030316,-1.35
20030317,-1.55
20030318,-1.57
20030319,-1.67
20030320,-1.75
20030321,-1.77
20030322,-1.76
20030323,-1.75
20030324,-1.69
20030325,-1.63
20030326,-1.65
20030327,-1.68
20030328,-1.61
20030329,-1.61
20030330,-1.63
20030331,-1.55
20030401,-1.19
20030402,-1.16
20030403,-1.36
20030404,-1.36
20030405,-1.18
20030406,-1.15
20030407,-1.16
20030408,-1.1
20030409,-1.07
20030410,-1.44
20030411,-1.54
20030412,-1.52
20030413,-0.87
20030414,-0.75
20030415,-0.67
20030416,-0.67
20030417,-0.85
20030418,-0.81
20030419,-0.85
20030420,-0.95
20030421,-0.98
20030422,-0.3
20030423,-0.1
20030424,-0.08
20030425,-0.07
20030426,0.07
20030427,0.15
20030428,-0.08
20030429,-0.2
20030430,-0.05
20030501,0.57
20030502,1.11
20030503,0.95
20030504,0.8
20030505,0.61
20030506,0.73
20030507,0.92
20030508,1.36
20030509,1.48
20030510,1.44
20030511,1.52
20030512,1.5
20030513,1.55
20030514,1.61
20030515,1.83
20030516,1.97
20030517,1.86
20030518,1.84
20030519,2.43
20030520,2.57
20030521,2.99
20030522,2.99
20030523,3.08
20030524,3.21
20030525,3.17
20030526,3.08
20030527,3.17
20030528,3.72
20030529,3.94
20030530,4.39
20030531,4.53
20030601,4.62
20030602,5.05
20030603,5.11
20030604,5.11
20030605,5.13
20030606,5.37
20030607,5.73
20030608,5.41
20030609,5.26
20030610,5.75
20030611,5.92
20030612,6.03
20030613,5.86
20030614,6.25
20030615,6.35
20030616,6.3
20030617,6.11
20030618,6.14
20030619,6.1
20030620,6.2
20030621,6.37
20030622,6.25
20030623,6.29
20030624,7.39
20030625,7.21
20030626,7.14
20030627,7.38
20030628,7.52
20030629,7.61
20030630,7.91
20030701,6.48
20030702,6.44
20030703,6.88
20030704,6.85
20030705,7.32
20030706,7.66
20030707,8.1
20030708,8.1
20030709,8.31
20030710,8.4
20030711,8.36
20030712,8.24
20030713,8.34
20030714,8.76
20030715,9.35
20030716,9.32
20030717,9.17
20030718,8.91
20030719,9.06
20030720,9.41
20030721,9.56
20030722,9.57
20030723,9.81
20030724,9.84
20030725,9.82
20030726,9.83
20030727,9.71
20030728,9.59
20030729,9.64
20030730,10.09
20030731,10.59
20040301,-1.5
20040302,-1.52
20040303,-1.17
20040304,-0.92
20040305,-1.39
20040306,-1.44
20040307,-1.41
20040308,-1.51
20040309,-1.62
20040310,-1.55
20040311,-1.49
20040312,-1.44
20040313,-1.6
20040314,-1.57
20040315,-1.6
20040316,-1.53
20040317,-1.26
20040318,-1.47
20040319,-1.68
20040320,-1.73
20040321,-1.77
20040322,-1.77
20040323,-1.74
20040324,-1.59
20040325,-1.54
20040326,-1.68
20040327,-1.73
20040328,-1.73
20040329,-1.77
20040330,-1.78
20040331,-1.79
20040401,-1.79
20040402,-1.77
20040403,-1.75
20040404,-1.63
20040405,-1.57
20040406,-1.52
20040407,-1.42
20040408,-1.33
20040409,-1.46
20040410,-1.63
20040411,-1.62
20040412,-1.6
20040413,-1.54
20040414,-1.01
20040415,-1.01
20040416,-1.03
20040417,-1.07
20040418,-1.11
20040419,-1.12
20040420,-1.08
20040421,-0.9
20040422,-0.69
20040423,-0.67
20040424,-0.67
20040425,-0.53
20040426,0
20040427,0.05
20040428,0.05
20040429,-0.11
20040430,-0.28
20040501,0.33
20040502,0.9
20040503,1.01
20040504,1.14
20040505,1.27
20040506,1.15
20040507,0.46
20040508,0.56
20040509,0.71
20040510,0.72
20040511,0.7
20040512,1
20040513,1.61
20040514,1.79
20040515,1.58
20040516,1.96
20040517,1.94
20040518,1.97
20040519,2.12
20040520,2.21
20040521,2.21
20040522,2.65
20040523,2.06
20040524,2.05
20040525,2.26
20040526,2.48
20040527,2.82
20040528,3.06
20040529,3.15
20040530,3.33
20040531,3.75
20040601,3.87
20040602,4.05
20040603,4.19
20040604,4.3
20040605,4.94
20040606,4.78
20040607,4.73
20040608,4.65
20040609,4.74
20040610,5.08
20040611,5.17
20040612,5.27
20040613,5.35
20040614,5.43
20040615,6.02
20040616,6.19
20040617,6.4
20040618,6.26
20040619,6.24
20040620,6.03
20040621,6.03
20040622,5.84
20040623,6.05
20040624,6.83
20040625,7.02
20040626,7.18
20040627,7.43
20040628,7.5
20040629,7.62
20040630,8.24
20040701,8.36
20040702,8.24
20040703,8.15
20040704,8.24
20040705,8.39
20040706,8.57
20040707,8.77
20040708,8.83
20040709,8.92
20040710,9.07
20040711,9.2
20040712,9.34
20040713,10.32
20040714,10.19
20040715,10.13
20040716,10.27
20040717,10.42
20040718,10.53
20040719,10.4
20040720,10.33
20040721,10.44
20040722,10.72
20040723,10.89
20040724,10.65
20040725,10.53
20040726,10.96
20040727,11.43
20040728,11.56
20040729,11.52
20040730,11.66
20040731,11.81
20050301,-1.54
20050302,-1.53
20050303,-1.39
20050304,-1.07
20050305,-0.94
20050306,-0.85
20050307,-0.84
20050308,-0.9
20050309,-0.97
20050310,-0.61
20050311,-0.32
20050312,-0.31
20050313,-0.49
20050314,-0.42
20050315,-0.11
20050316,-0.1
20050317,-0.16
20050318,-0.04
20050319,0.09
20050320,0.25
20050321,0.21
20050322,-0.02
20050323,-0.55
20050324,-0.4
20050325,-0.37
20050326,-0.5
20050327,-0.54
20050328,-0.37
20050329,-0.34
20050330,-0.94
20050331,-1.4
20050401,-1.6
20050402,-1.57
20050403,-1.52
20050404,-1.55
20050405,-1.57
20050406,-1.61
20050407,-1.61
20050408,-1.58
20050409,-1.61
20050410,-1.57
20050411,-1.65
20050412,-1.46
20050413,-1.22
20050414,-1.01
20050415,-0.97
20050416,-1.02
20050417,-0.97
20050418,-0.98
20050419,-1.03
20050420,-1.13
20050421,-1.19
20050422,-1
20050423,-1.11
20050424,-1.14
20050425,-0.78
20050426,-0.52
20050427,-0.5
20050428,-0.5
20050429,-0.45
20050430,0.15
20050501,0.03
20050502,0.49
20050503,0.65
20050504,0.9
20050505,1.03
20050506,0.98
20050507,0.99
20050508,1.22
20050509,1.31
20050510,1.48
20050511,1.5
20050512,1.84
20050513,1.66
20050514,1.73
20050515,1.88
20050516,2.11
20050517,2.57
20050518,2.92
20050519,2.75
20050520,2.73
20050521,2.73
20050522,2.79
20050523,2.82
20050524,2.73
20050525,2.53
20050526,2.49
20050527,2.49
20050528,2.72
20050529,3.06
20050530,3.44
20050531,3.59
20050601,3.65
20050602,4.13
20050603,4.47
20050604,4.77
20050605,5.44
20050606,5.3
20050607,5.24
20050608,5.3
20050609,5.93
20050610,5.89
20050611,6.33
20050612,6.08
20050613,6.21
20050614,6.01
20050615,6.34
20050616,6.63
20050617,6.66
20050618,6.35
20050619,6.26
20050620,6.77
20050621,7.11
20050622,7.66
20050623,7.87
20050624,7.76
20050625,7.66
20050626,7.55
20050627,7.55
20050628,7.75
20050629,7.98
20050630,8.07
20050701,8.13
20050702,8.74
20050703,8.89
20050704,8.9
20050705,9.03
20050706,9.66
20050707,9.85
20050708,9.82
20050709,9.72
20050710,9.62
20050711,9.82
20050712,10.56
20050713,10.82
20050714,11.02
20050715,11.15
20050716,11.4
20050717,11.52
20050718,11.41
20050719,11.49
20050720,11.59
20050721,11.48
20050722,10.54
20050723,10.46
20050724,10.41
20050725,10.74
20050726,11.22
20050727,11.32
20050728,11.39
20050729,11.37
20050730,11.79
20050731,11.76
20060301,-1.75
20060302,-1.77
20060303,-1.79
20060304,-1.77
20060305,-1.63
20060306,-1.73
20060307,-1.79
20060308,-1.78
20060309,-1.79
20060310,-1.76
20060311,-1.65
20060312,-1.57
20060313,-1.53
20060314,-1.52
20060315,-1.69
20060316,-1.54
20060317,-1.48
20060318,-1.33
20060319,-1.25
20060320,-1.16
20060321,-1.65
20060322,-1.76
20060323,-1.76
20060324,-1.75
20060325,-1.74
20060326,-1.75
20060327,-1.74
20060328,-1.64
20060329,-1.57
20060330,-1.6
20060331,-1.62
20060401,-1.62
20060402,-1.55
20060403,-1.42
20060404,-1.44
20060405,-1.5
20060406,-1.53
20060407,-1.61
20060408,-1.4
20060409,-1.42
20060410,-1.42
20060411,-1.4
20060412,-1.32
20060413,-1.38
20060414,-1.75
20060415,-1.77
20060416,-1.72
20060417,-1.66
20060418,-1.62
20060419,-1.68
20060420,-1.72
20060421,-1.57
20060422,-1.37
20060423,-1.29
20060424,-1.31
20060425,-1.44
20060426,-1.46
20060427,-1.46
20060428,-1.38
20060429,-1.27
20060430,-1.26
20060501,-1.47
20060502,-1.46
20060503,-1.41
20060504,-1.32
20060505,-1.1
20060506,-0.62
20060507,-0.97
20060508,-1.07
20060509,-0.94
20060510,-0.91
20060511,-0.88
20060512,-0.27
20060513,-0.37
20060514,-0.39
20060515,-0.14
20060516,-0.12
20060517,-0.03
20060518,0.04
20060519,-0.2
20060520,0.41
20060521,0.42
20060522,0.65
20060523,0.86
20060524,1.08
20060525,1.5
20060526,1.65
20060527,1.74
20060528,1.93
20060529,2.49
20060530,2.48
20060531,2.44
20060601,2.62
20060602,2.96
20060603,2.97
20060604,3.11
20060605,3.33
20060606,3.58
20060607,3.64
20060608,3.61
20060609,2.99
20060610,2.72
20060611,3.2
20060612,4.41
20060613,4.38
20060614,4.38
20060615,4.4
20060616,4.4
20060617,4.68
20060618,4.74
20060619,4.92
20060620,5.17
20060621,5.33
20060622,5.36
20060623,5.33
20060624,5.47
20060625,5.8
20060626,5.59
20060627,5.6
20060628,5.67
20060629,5.52
20060630,5.3
20060701,5.1
20060702,5.27
20060703,7.06
20060704,7.13
20060705,7.41
20060706,7.98
20060707,8.12
20060708,8.09
20060709,8.14
20060710,8.37
20060711,8.45
20060712,8.34
20060713,8.45
20060714,8.38
20060715,7.6
20060716,7.75
20060717,7.86
20060718,8.54
20060719,8.73
20060720,8.74
20060721,8.73
20060722,9.06
20060723,9.16
20060724,9.24
20060725,9.15
20060726,8.49
20060727,8.13
20060728,7.75
20060729,7.82
20060730,7.89
20060731,10.12
20070301,-1.78
20070302,-1.78
20070303,-1.78
20070304,-1.75
20070305,-1.74
20070306,-1.71
20070307,-1.64
20070308,-1.66
20070309,-1.71
20070310,-1.73
20070311,-1.72
20070312,-1.71
20070313,-1.67
20070314,-1.73
20070315,-1.68
20070316,-1.7
20070317,-1.72
20070318,-1.71
20070319,-1.72
20070320,-1.63
20070321,-1.69
20070322,-1.75
20070323,-1.75
20070324,-1.75
20070325,-1.77
20070326,-1.8
20070327,-1.79
20070328,-1.79
20070329,-1.8
20070330,-1.78
20070331,-1.64
20070401,-1.59
20070402,-1.53
20070403,-1.48
20070404,-1.45
20070405,-1.39
20070406,-1.28
20070407,-1.09
20070408,-0.93
20070409,-0.98
20070410,-1.2
20070411,-1.28
20070412,-1.14
20070413,-0.95
20070414,-0.98
20070415,-1
20070416,-0.93
20070417,-1.02
20070418,-0.96
20070419,-1.06
20070420,-1.08
20070421,-1.08
20070422,-0.34
20070423,-0.29
20070424,-0.28
20070425,-0.31
20070426,-0.49
20070427,-0.7
20070428,-0.46
20070429,-0.15
20070430,-0.17
20070501,-0.2
20070502,-0.29
20070503,0.01
20070504,0.21
20070505,0.28
20070506,0.21
20070507,0.15
20070508,0.15
20070509,0.7
20070510,0.76
20070511,0.85
20070512,0.96
20070513,0.83
20070514,0.69
20070515,1
20070516,1.11
20070517,1.16
20070518,1.22
20070519,1.51
20070520,2
20070521,1.96
20070522,1.89
20070523,1.77
20070524,1.83
20070525,1.52
20070526,1.86
20070527,2.34
20070528,2.65
20070529,2.69
20070530,2.89
20070531,3.45
20070601,3.22
20070602,3.22
20070603,3.29
20070604,3.61
20070605,3.64
20070606,3.71
20070607,3.86
20070608,3.91
20070609,3.95
20070610,4.01
20070611,3.92
20070612,3.97
20070613,4.22
20070614,4.64
20070615,4.96
20070616,5.17
20070617,4.74
20070618,4.65
20070619,4.74
20070620,4.9
20070621,5.03
20070622,4.72
20070623,5.09
20070624,4.99
20070625,5.01
20070626,5.01
20070627,4.92
20070628,4.93
20070629,5.06
20070630,5.64
20070701,5.82
20070702,6.39
20070703,6.65
20070704,6.48
20070705,6.15
20070706,6.54
20070707,6.7
20070708,7.1
20070709,7.43
20070710,7.51
20070711,7.55
20070712,7.59
20070713,7.76
20070714,7.96
20070715,8.81
20070716,8.7
20070717,8.74
20070718,8.84
20070719,8.74
20070720,8.5
20070721,8.17
20070722,8.02
20070723,8.64
20070724,9.1
20070725,9.6
20070726,9.76
20070727,10
20070728,10.33
20070729,10.4
20070730,10.6
20070731,10.25
20080301,-1.72
20080302,-1.78
20080303,-1.77
20080304,-1.77
20080305,-1.77
20080306,-1.7
20080307,-1.76
20080308,-1.78
20080309,-1.76
20080310,-1.75
20080311,-1.79
20080312,-1.79
20080313,-1.79
20080314,-1.8
20080315,-1.75
20080316,-1.74
20080317,-1.78
20080318,-1.79
20080319,-1.8
20080320,-1.8
20080321,-1.8
20080322,-1.79
20080323,-1.76
20080324,-1.76
20080325,-1.77
20080326,-1.79
20080327,-1.8
20080328,-1.8
20080329,-1.78
20080330,-1.77
20080331,-1.77
20080401,-1.77
20080402,-1.8
20080403,-1.78
20080404,-1.78
20080405,-1.77
20080406,-1.78
20080407,-1.8
20080408,-1.8
20080409,-1.8
20080410,-1.79
20080411,-1.8
20080412,-1.75
20080413,-1.62
20080414,-1.46
20080415,-1.5
20080416,-1.66
20080417,-1.69
20080418,-1.61
20080419,-1.2
20080420,-1.1
20080421,-0.91
20080422,-0.77
20080423,-0.83
20080424,-0.88
20080425,-1.1
20080426,-1.56
20080427,-1.45
20080428,-1.18
20080429,-1.2
20080430,-1.26
20080501,-1.41
20080502,-1.44
20080503,-1.48
20080504,-1.63
20080505,-1.37
20080506,-1.15
20080507,-0.99
20080508,-0.95
20080509,-0.98
20080510,-1.29
20080511,-1.52
20080512,-0.83
20080513,-0.69
20080514,-0.66
20080515,-0.36
20080516,-0.37
20080517,-0.3
20080518,-0.15
20080519,-0.13
20080520,-0.03
20080521,0.29
20080522,0.36
20080523,0.39
20080524,0.37
20080525,0.63
20080526,0.82
20080527,0.79
20080528,1.04
20080529,1.64
20080530,1.69
20080531,2.14
20080601,2.37
20080602,2.64
20080603,2.71
20080604,2.71
20080605,2.78
20080606,2.75
20080607,2.23
20080608,2.25
20080609,2.41
20080610,2.51
20080611,3.09
20080612,3.31
20080613,3.39
20080614,3.47
20080615,3.78
20080616,3.42
20080617,3.08
20080618,3.27
20080619,3.39
20080620,3.77
20080621,3.95
20080622,4.3
20080623,4.09
20080624,4.09
20080625,3.96
20080626,4.28
20080627,4.79
20080628,4.78
20080629,4.75
20080630,4.72
20080701,4.73
20080702,4.84
20080703,4.97
20080704,5.37
20080705,5.53
20080706,6.07
20080707,6.25
20080708,6.25
20080709,6.31
20080710,6.52
20080711,5.86
20080712,6.15
20080713,6.42
20080714,6.56
20080715,6.28
20080716,6.18
20080717,6.8
20080718,6.79
20080719,6.75
20080720,6.87
20080721,6.93
20080722,7.29
20080723,7.34
20080724,7.36
20080725,7.38
20080726,8.01
20080727,8.24
20080728,8.2
20080729,8.12
20080730,7.78
20080731,7.95
20090301,-1.8
20090302,-1.8
20090303,-1.8
20090304,-1.79
20090305,-1.76
20090306,-1.75
20090307,-1.76
20090308,-1.6
20090309,-1.55
20090310,-1.5
20090311,-1.49
20090312,-1.5
20090313,-1.48
20090314,-1.45
20090315,-1.72
20090316,-1.79
20090317,-1.8
20090318,-1.8
20090319,-1.79
20090320,-1.79
20090321,-1.78
20090322,-1.76
20090323,-1.74
20090324,-1.79
20090325,-1.8
20090326,-1.8
20090327,-1.8
20090328,-1.8
20090329,-1.79
20090330,-1.8
20090331,-1.8
20090401,-1.8
20090402,-1.79
20090403,-1.79
20090404,-1.79
20090405,-1.76
20090406,-1.74
20090407,-1.75
20090408,-1.77
20090409,-1.79
20090410,-1.79
20090411,-1.79
20090412,-1.8
20090413,-1.8
20090414,-1.75
20090415,-1.63
20090416,-1.57
20090417,-1.53
20090418,-1.39
20090419,-1.33
20090420,-1.33
20090421,-1.16
20090422,-1.1
20090423,-1.13
20090424,-1.26
20090425,-0.45
20090426,-0.36
20090427,-0.38
20090428,-0.32
20090429,-0.38
20090430,-0.45
20090501,-0.46
20090502,-0.28
20090503,-0.18
20090504,-0.33
20090505,-0.13
20090506,0.05
20090507,0.07
20090508,0.02
20090509,0.14
20090510,1.04
20090511,1.02
20090512,0.98
20090513,1.25
20090514,1.77
20090515,1.62
20090516,1.22
20090517,1.09
20090518,1.24
20090519,1.03
20090520,1.67
20090521,1.9
20090522,1.99
20090523,2.16
20090524,2.27
20090525,2.52
20090526,2.55
20090527,2.5
20090528,2.27
20090529,2.51
20090530,2.44
20090531,2.34
20090601,2.42
20090602,2.49
20090603,2.49
20090604,2.75
20090605,2.89
20090606,2.99
20090607,3.13
20090608,3.94
20090609,3.99
20090610,3.94
20090611,4.08
20090612,4.3
20090613,4.31
20090614,4.21
20090615,4.31
20090616,4.22
20090617,4.74
20090618,4.97
20090619,4.64
20090620,4.88
20090621,5.02
20090622,5.09
20090623,4.64
20090624,4.54
20090625,4.63
20090626,4.89
20090627,5.21
20090628,5.31
20090629,5.99
20090630,6.07
20090701,6.06
20090702,6.16
20090703,7.17
20090704,5.93
20090705,5.85
20090706,7.94
20090707,7.56
20090708,7.2
20090709,7.21
20090710,7.54
20090711,8.32
20090712,8.55
20090713,8.67
20090714,8.76
20090715,7.69
20090716,8.2
20090717,8.02
20090718,8
20090719,8.16
20090720,8.23
20090721,8.03
20090722,7.9
20090723,7.98
20090724,8.05
20090725,8.07
20090726,8.19
20090727,8.26
20090728,8.48
20090729,8.69
20090730,8.85
20090731,8.92
20100301,-1.78
20100302,-1.79
20100303,-1.8
20100304,-1.8
20100305,-1.78
20100306,-1.79
20100307,-1.8
20100308,-1.8
20100309,-1.8
20100310,-1.8
20100311,-1.8
20100312,-1.8
20100313,-1.8
20100314,-1.79
20100315,-1.8
20100316,-1.8
20100317,-1.8
20100318,-1.8
20100319,-1.79
20100320,-1.79
20100321,-1.78
20100322,-1.78
20100323,-1.78
20100324,-1.79
20100325,-1.73
20100326,-1.7
20100327,-1.68
20100328,-1.65
20100329,-1.73
20100330,-1.77
20100331,-1.77
20100401,-1.72
20100402,-1.79
20100403,-1.78
20100404,-1.78
20100405,-1.78
20100406,-1.78
20100407,-1.79
20100408,-1.77
20100409,-1.73
20100410,-1.7
20100411,-1.66
20100412,-1.59
20100413,-1.55
20100414,-1.48
20100415,-1.49
20100416,-1.18
20100417,-1.23
20100418,-1.11
20100419,-0.96
20100420,-0.97
20100421,-1.03
20100422,-1.09
20100423,-1.19
20100424,-0.92
20100425,-0.89
20100426,-0.81
20100427,-0.85
20100428,-0.92
20100429,-1.13
20100430,-1.11
20100501,-1.09
20100502,-1.31
20100503,-1.44
20100504,-1.24
20100505,-0.98
20100506,-0.86
20100507,-0.9
20100508,-0.77
20100509,-0.76
20100510,-0.76
20100511,-0.46
20100512,-0.73
20100513,-0.8
20100514,-0.75
20100515,-0.72
20100516,0.05
20100517,0.19
20100518,0.24
20100519,0.25
20100520,0.36
20100521,0.73
20100522,0.25
20100523,0.58
20100524,0.76
20100525,0.77
20100526,0.66
20100527,1.13
20100528,1.19
20100529,1.15
20100530,1.07
20100531,1.67
20100601,1.86
20100602,1.94
20100603,1.95
20100604,2.11
20100605,2.56
20100606,2.78
20100607,2.78
20100608,2.97
20100609,3.15
20100610,3.35
20100611,3.72
20100612,3.62
20100613,3.65
20100614,3.39
20100615,3.94
20100616,3.86
20100617,3.83
20100618,3.76
20100619,4.23
20100620,4.3
20100621,4.31
20100622,3.87
20100623,4.01
20100624,4.3
20100625,4.45
20100626,4.38
20100627,4.46
20100628,4.61
20100629,4.64
20100630,4.93
20100701,5.06
20100702,5.51
20100703,5.81
20100704,5.96
20100705,5.59
20100706,5.73
20100707,5.74
20100708,5.93
20100709,6.27
20100710,6.33
20100711,6.36
20100712,6.6
20100713,6.7
20100714,6.75
20100715,6.79
20100716,6.71
20100717,6.54
20100718,6.64
20100719,6.75
20100720,7.09
20100721,7.24
20100722,7.31
20100723,7.69
20100724,7.74
20100725,7.77
20100726,7.73
20100727,7.02
20100728,7.99
20100729,7.92
20100730,8.44
20100731,8.65
20110301,-1.79
20110302,-1.79
20110303,-1.77
20110304,-1.77
20110305,-1.79
20110306,-1.79
20110307,-1.78
20110308,-1.78
20110309,-1.79
20110310,-1.79
20110311,-1.79
20110312,-1.79
20110313,-1.8
20110314,-1.8
20110315,-1.8
20110316,-1.79
20110317,-1.74
20110318,-1.54
20110319,-1.47
20110320,-1.42
20110321,-1.54
20110322,-1.65
20110323,-1.76
20110324,-1.76
20110325,-1.74
20110326,-1.73
20110327,-1.73
20110328,-1.62
20110329,-1.48
20110330,-1.47
20110331,-1.5
20110401,-1.67
20110402,-1.78
20110403,-1.58
20110404,-1.41
20110405,-1.14
20110406,-1.23
20110407,-1.09
20110408,-1.05
20110409,-1.12
20110410,-1.59
20110411,-1.68
20110412,-1.79
20110413,-1.78
20110414,-1.71
20110415,-1.61
20110416,-1.61
20110417,-1.58
20110418,-1.51
20110419,-1.49
20110420,-1.42
20110421,-1.35
20110422,-1.4
20110423,-1.34
20110424,-1.21
20110425,-1.27
20110426,-1.43
20110427,-1.38
20110428,-0.95
20110429,-0.94
20110430,-0.93
20110501,-0.95
20110502,-0.69
20110503,-0.33
20110504,-0.24
20110505,-0.14
20110506,-0.14
20110507,-0.15
20110508,0.38
20110509,0.38
20110510,0.37
20110511,0.41
20110512,0.43
20110513,0.32
20110514,0.42
20110515,0.12
20110516,0.17
20110517,0.54
20110518,0.68
20110519,0.72
20110520,0.79
20110521,0.89
20110522,1.22
20110523,1.28
20110524,1.49
20110525,1.69
20110526,2.03
20110527,2.63
20110528,2.8
20110529,2.83
20110530,2.83
20110531,3.03
20110601,3.14
20110602,2.98
20110603,2.83
20110604,2.84
20110605,2.9
20110606,3.36
20110607,3.21
20110608,3.31
20110609,3.45
20110610,3.63
20110611,3.54
20110612,3.85
20110613,4.21
20110614,4.31
20110615,4.18
20110616,4.03
20110617,4
20110618,4.15
20110619,4.43
20110620,4.58
20110621,5.4
20110622,5.65
20110623,5.71
20110624,5.84
20110625,5.74
20110626,5.87
20110627,5.83
20110628,5.58
20110629,5.55
20110630,5.71
20110701,5.78
20110702,5.86
20110703,6.21
20110704,6.34
20110705,6.31
20110706,6.35
20110707,5.41
20110708,5.52
20110709,6
20110710,6.31
20110711,6.29
20110712,6.4
20110713,6.56
20110714,6.69
20110715,6.58
20110716,6.64
20110717,6.56
20110718,6.45
20110719,6.66
20110720,6.92
20110721,6.93
20110722,6.85
20110723,6.73
20110724,6.93
20110725,7.31
20110726,7.41
20110727,7.42
20110728,7.26
20110729,7.19
20110730,7.15
20110731,7.13
20120301,-1.8
20120302,-1.8
20120303,-1.8
20120304,-1.8
20120305,-1.8
20120306,-1.8
20120307,-1.8
20120308,-1.8
20120309,-1.8
20120310,-1.8
20120311,-1.8
20120312,-1.8
20120313,-1.8
20120314,-1.8
20120315,-1.8
20120316,-1.8
20120317,-1.8
20120318,-1.8
20120319,-1.8
20120320,-1.8
20120321,-1.8
20120322,-1.8
20120323,-1.79
20120324,-1.8
20120325,-1.8
20120326,-1.8
20120327,-1.76
20120328,-1.76
20120329,-1.76
20120330,-1.75
20120331,-1.76
20120401,-1.76
20120402,-1.76
20120403,-1.79
20120404,-1.79
20120405,-1.79
20120406,-1.8
20120407,-1.78
20120408,-1.76
20120409,-1.72
20120410,-1.68
20120411,-1.62
20120412,-1.62
20120413,-1.62
20120414,-1.35
20120415,-1.19
20120416,-1.16
20120417,-1.13
20120418,-1.1
20120419,-1.15
20120420,-1.12
20120421,-1.02
20120422,-0.93
20120423,-0.87
20120424,-0.84
20120425,-0.88
20120426,-0.66
20120427,-0.38
20120428,-0.45
20120429,-0.55
20120430,-0.5
20120501,-0.37
20120502,-0.1
20120503,-0.45
20120504,-0.43
20120505,-0.57
20120506,-0.62
20120507,-0.51
20120508,0.02
20120509,0.12
20120510,0.13
20120511,0.13
20120512,0.17
20120513,0.06
20120514,-0.03
20120515,-0.18
20120516,-0.24
20120517,-0.04
20120518,0.53
20120519,1.33
20120520,1.43
20120521,1.39
20120522,1.45
20120523,1.57
20120524,1.9
20120525,2
20120526,1.99
20120527,1.96
20120528,2.02
20120529,2.29
20120530,2.64
20120531,2.84
20120601,2.95
20120602,2.91
20120603,2.88
20120604,3.02
20120605,3.32
20120606,3.4
20120607,3.36
20120608,3.47
20120609,3.51
20120610,4.17
20120611,4.48
20120612,4.56
20120613,4.55
20120614,4.91
20120615,5.07
20120616,4.91
20120617,4.92
20120618,4.96
20120619,4.97
20120620,5.07
20120621,5.27
20120622,5.86
20120623,6.05
20120624,5.82
20120625,5.53
20120626,5.81
20120627,5.95
20120628,6.09
20120629,6.13
20120630,6.06
20120701,5.75
20120702,4.79
20120703,6.27
20120704,6.23
20120705,6.27
20120706,6.49
20120707,6.87
20120708,7.25
20120709,7.28
20120710,7.28
20120711,7.38
20120712,7.22
20120713,7.15
20120714,7.2
20120715,7.46
20120716,7.8
20120717,8.25
20120718,8.28
20120719,8.31
20120720,8.41
20120721,7.98
20120722,7.92
20120723,7.41
20120724,7.46
20120725,7.78
20120726,7.93
20120727,7.86
20120728,7.79
20120729,7.87
20120730,8.01
20120731,8.04
20130301,-1.8
20130302,-1.71
20130303,-1.43
20130304,-1.42
20130305,-1.42
20130306,-1.58
20130307,-1.54
20130308,-1.44
20130309,-1.55
20130310,-1.52
20130311,-1.7
20130312,-1.77
20130313,-1.74
20130314,-1.75
20130315,-1.76
20130316,-1.8
20130317,-1.8
20130318,-1.76
20130319,-1.73
20130320,-1.77
20130321,-1.78
20130322,-1.77
20130323,-1.78
20130324,-1.8
20130325,-1.8
20130326,-1.77
20130327,-1.63
20130328,-1.55
20130329,-1.54
20130330,-1.71
20130331,-1.79
20130401,-1.55
20130402,-1.27
20130403,-1.25
20130404,-1.24
20130405,-1.31
20130406,-1.2
20130407,-1.22
20130408,-1.33
20130409,-1.7
20130410,-1.78
20130411,-1.8
20130412,-1.79
20130413,-1.79
20130414,-1.53
20130415,-1.23
20130416,-1.14
20130417,-1.06
20130418,-0.99
20130419,-1
20130420,-0.89
20130421,-0.64
20130422,-0.43
20130423,-0.25
20130424,-0.32
20130425,-0.18
20130426,-0.08
20130427,-0.07
20130428,-0.27
20130429,-0.12
20130430,0.06
20130501,0.09
20130502,-0.05
20130503,-0.06
20130504,0.05
20130505,0.04
20130506,-0.08
20130507,0.12
20130508,0.28
20130509,0.55
20130510,0.49
20130511,0.5
20130512,0.43
20130513,0.4
20130514,0.45
20130515,0.44
20130516,0.13
20130517,0.31
20130518,0.45
20130519,0.56
20130520,0.65
20130521,0.74
20130522,1.36
20130523,1.6
20130524,1.97
20130525,2.08
20130526,2.04
20130527,2
20130528,1.99
20130529,2.42
20130530,2.42
20130531,2.46
20130601,2.53
20130602,2.51
20130603,2.32
20130604,2.71
20130605,3.29
20130606,3.89
20130607,3.89
20130608,3.94
20130609,4.02
20130610,4.36
20130611,4.36
20130612,4.83
20130613,5.48
20130614,6.04
20130615,6.16
20130616,5.92
20130617,6.37
20130618,6.81
20130619,6.78
20130620,6.38
20130621,4.92
20130622,4.59
20130623,4.19
20130624,4.93
20130625,5.66
20130626,5.62
20130627,5.57
20130628,5.6
20130629,5.41
20130630,5.06
20130701,5.03
20130702,5.04
20130703,5.24
20130704,5.42
20130705,5.57
20130706,5.68
20130707,5.55
20130708,5.59
20130709,5.96
20130710,7.56
20130711,8.1
20130712,8.28
20130713,8.81
20130714,9
20130715,9.09
20130716,7.46
20130717,7.23
20130718,7.62
20130719,8.61
20130720,8.57
20130721,8.47
20130722,8.53
20130723,8.73
20130724,9.23
20130725,9.41
20130726,9.42
20130727,9.49
20130728,9.7
20130729,10.1
20130730,9.94
20130731,10.08
20140301,-0.2
20140302,-0.08
20140303,-0.02
20140304,-0.13
20140305,-0.61
20140306,-0.67
20140307,-0.98
20140308,-1.09
20140309,-1.13
20140310,-1.08
20140311,-1.14
20140312,-1.3
20140313,-1.47
20140314,-1.72
20140315,-1.76
20140316,-1.63
20140317,-1.47
20140318,-1.64
20140319,-1.74
20140320,-1.73
20140321,-1.7
20140322,-1.68
20140323,-1.61
20140324,-1.41
20140325,-1.39
20140326,-1.57
20140327,-1.73
20140328,-1.62
20140329,-1.52
20140330,-1.25
20140331,-1.1
20140401,-1.23
20140402,-1.19
20140403,-1.17
20140404,-1.15
20140405,-1.11
20140406,-1.22
20140407,-1.21
20140408,-1.27
20140409,-1.38
20140410,-1.32
20140411,-1.26
20140412,-1.04
20140413,-0.94
20140414,-1.01
20140415,-0.5
20140416,-0.29
20140417,-0.22
20140418,-0.13
20140419,0.37
20140420,0.62
20140421,0.42
20140422,0.14
20140423,0.18
20140424,0.26
20140425,0.32
20140426,0.61
20140427,0.82
20140428,0.92
20140429,1.22
20140430,1.24
20140501,1.27
20140502,1.31
20140503,1.31
20140504,1.47
20140505,1.48
20140506,1.45
20140507,1.69
20140508,1.73
20140509,1.62
20140510,2.84
20140511,3.31
20140512,3.27
20140513,3.2
20140514,3.23
20140515,3.64
20140516,4.2
20140517,3.49
20140518,3.61
20140519,3.67
20140520,3.76
20140521,4.04
20140522,4.32
20140523,4.34
20140524,4.5
20140525,4.51
20140526,4.38
20140527,3.52
20140528,3.49
20140529,4.78
20140530,5.05
20140531,5.16
20140601,5.44
20140602,5.95
20140603,5.77
20140604,6.49
20140605,6.81
20140606,6.93
20140607,7.02
20140608,6.75
20140609,6.5
20140610,6.34
20140611,6.23
20140612,6.6
20140613,6.84
20140614,6.87
20140615,6.81
20140616,6.66
20140617,6.67
20140618,6.77
20140619,7.21
20140620,7.18
20140621,7.27
20140622,7.33
20140623,7.51
20140624,7.68
20140625,7.84
20140626,7.94
20140627,7.99
20140628,7.94
20140629,7.7
20140630,7.83
20140701,8.24
20140702,8.84
20140703,9.79
20140704,9.72
20140705,9.66
20140706,9.79
20140707,9.85
20140708,9.88
20140709,10.26
20140710,10.47
20140711,10.01
20140712,10.05
20140713,10.28
20140714,10.43
20140715,10.51
20140716,10.86
20140717,10.86
20140718,10.82
20140719,10.64
20140720,10.59
20140721,10.81
20140722,10.99
20140723,11.38
20140724,11.35
20140725,11.38
20140726,11.38
20140727,11.38
20140728,11.87
20140729,12.02
20140730,12.1
20140731,12.11
20150301,0.24
20150302,0.29
20150303,0.43
20150304,0.01
20150305,0.03
20150306,0.14
20150307,0.13
20150308,0.04
20150309,-0.41
20150310,-1.13
20150311,-1.07
20150312,-1.05
20150313,-1.1
20150314,-1.34
20150315,-1.49
20150316,-1.62
20150317,-1.56
20150318,-1.53
20150319,-1.5
20150320,-1.45
20150321,-1.47
20150322,-1.44
20150323,-1.32
20150324,-1.22
20150325,-0.84
20150326,-1.11
20150327,-1.16
20150328,-1.08
20150329,-1.02
20150330,-0.93
20150331,-0.27
20150401,-0.85
20150402,-1.29
20150403,-1.45
20150404,-1.38
20150405,-1.21
20150406,-1.09
20150407,-1.13
20150408,-1.29
20150409,-1.19
20150410,-1.08
20150411,-1.02
20150412,-1.27
20150413,-1.38
20150414,-1.39
20150415,-1.31
20150416,-1.27
20150417,-1.21
20150418,-1.15
20150419,-1.29
20150420,-1.26
20150421,-1.14
20150422,-0.85
20150423,-0.85
20150424,-0.38
20150425,0.01
20150426,0.13
20150427,0.22
20150428,0.21
20150429,0.09
20150430,-0.03
20150501,0.4
20150502,0.4
20150503,0.62
20150504,0.76
20150505,0.99
20150506,1.41
20150507,1.58
20150508,1.92
20150509,1.74
20150510,1.8
20150511,1.84
20150512,1.9
20150513,2.12
20150514,2.54
20150515,2.44
20150516,2.34
20150517,2.89
20150518,2.58
20150519,2.6
20150520,2.97
20150521,3.19
20150522,3.77
20150523,3.75
20150524,3.58
20150525,3.7
20150526,3.74
20150527,3.78
20150528,3.83
20150529,3.33
20150530,3.45
20150531,3.78
20150601,4.05
20150602,4.9
20150603,4.67
20150604,4.71
20150605,4.83
20150606,4.9
20150607,4.9
20150608,4.99
20150609,5.88
20150610,5.86
20150611,5.84
20150612,5.97
20150613,6.22
20150614,6.05
20150615,6.03
20150616,6.08
20150617,7.11
20150618,7.06
20150619,7.17
20150620,7.24
20150621,7.39
20150622,7.22
20150623,7.33
20150624,7.73
20150625,7.81
20150626,7.98
20150627,8.33
20150628,8.38
20150629,8.69
20150630,8.88
20150701,10.16
20150702,10.29
20150703,10.2
20150704,9.3
20150705,8.71
20150706,8.73
20150707,9.03
20150708,9.21
20150709,9.9
20150710,10.12
20150711,10.26
20150712,10.43
20150713,10.58
20150714,11.03
20150715,11.22
20150716,11.33
20150717,11.26
20150718,11.22
20150719,11.11
20150720,11.06
20150721,11.17
20150722,11.31
20150723,11.45
20150724,11.52
20150725,11.37
20150726,11.13
20150727,11.48
20150728,11.73
20150729,11.8
20150730,11.7
20150731,11.76
20160301,1.43
20160302,1.5
20160303,1.51
20160304,1.49
20160305,1.44
20160306,1.32
20160307,0.52
20160308,0.48
20160309,0.53
20160310,0.67
20160311,0.83
20160312,0.98
20160313,1.06
20160314,0.91
20160315,0.74
20160316,0.69
20160317,0.63
20160318,0.58
20160319,0.51
20160320,0.39
20160321,0.4
20160322,-0.13
20160323,-0.19
20160324,0.17
20160325,-0.22
20160326,-0.25
20160327,-0.11
20160328,-0.01
20160329,0.15
20160330,0.47
20160331,0.58
20160401,0.92
20160402,1.04
20160403,0.94
20160404,0.87
20160405,0.88
20160406,2.02
20160407,2.03
20160408,2.08
20160409,2.12
20160410,2.13
20160411,2.38
20160412,2.67
20160413,2.68
20160414,2.55
20160415,2.7
20160416,2.77
20160417,2.8
20160418,2.87
20160419,2.89
20160420,2.97
20160421,2.97
20160422,3.26
20160423,3.85
20160424,4.02
20160425,4.07
20160426,4.12
20160427,4.18
20160428,4.21
20160429,4.38
20160430,4.44
20160501,4.41
20160502,4.35
20160503,3.99
20160504,4.07
20160505,4.26
20160506,4.41
20160507,4.66
20160508,4.84
20160509,5.02
20160510,5.06
20160511,4.97
20160512,4.97
20160513,5.07
20160514,5.36
20160515,5.91
20160516,6.35
20160517,6.49
20160518,6.46
20160519,6.41
20160520,6.04
20160521,6.05
20160522,6.09
20160523,7.01
20160524,7.38
20160525,7.43
20160526,7.38
20160527,7.15
20160528,7.21
20160529,7.13
20160530,7.14
20160531,7.06
20160601,8
20160602,7.97
20160603,7.94
20160604,7.98
20160605,8.14
20160606,8.54
20160607,8.64
20160608,8.59
20160609,8.68
20160610,8.97
20160611,9.02
20160612,8.83
20160613,9.13
20160614,9.59
20160615,9.81
20160616,10.24
20160617,10.04
20160618,10
20160619,10.05
20160620,10.2
20160621,10.23
20160622,10.25
20160623,10.12
20160624,9.96
20160625,10.29
20160626,10.64
20160627,10.72
20160628,10.72
20160629,10.82
20160630,11.27
20160701,11.6
20160702,11.51
20160703,11.51
20160704,11.46
20160705,11.61
20160706,11.48
20160707,11.44
20160708,11.46
20160709,11.74
20160710,12.42
20160711,12.87
20160712,13.32
20160713,13.11
20160714,13.12
20160715,13.07
20160716,13.41
20160717,13.88
20160718,13.98
20160719,14.02
20160720,14.03
20160721,13.68
20160722,13.53
20160723,13.29
20160724,13.33
20160725,13.45
20160726,13.73
20160727,13.83
20160728,13.98
20160729,14.27
20160730,14.15
20160731,13.17
20170301,-1.8
20170302,-1.8
20170303,-1.8
20170304,-1.8
20170305,-1.8
20170306,-1.8
20170307,-1.8
20170308,-1.8
20170309,-1.8
20170310,-1.8
20170311,-1.8
20170312,-1.8
20170313,-1.8
20170314,-1.8
20170315,-1.8
20170316,-1.8
20170317,-1.8
20170318,-1.8
20170319,-1.8
20170320,-1.8
20170321,-1.8
20170322,-1.8
20170323,-1.8
20170324,-1.8
20170325,-1.8
20170326,-1.8
20170327,-1.8
20170328,-1.8
20170329,-1.8
20170330,-1.8
20170331,-1.79
20170401,-1.8
20170402,-1.8
20170403,-1.8
20170404,-1.8
20170405,-1.8
20170406,-1.76
20170407,-1.68
20170408,-1.64
20170409,-1.64
20170410,-1.64
20170411,-1.33
20170412,-0.83
20170413,-0.54
20170414,-0.56
20170415,-0.58
20170416,-0.57
20170417,-0.48
20170418,-0.31
20170419,-0.2
20170420,-0.25
20170421,-0.06
20170422,0.16
20170423,0.26
20170424,0.32
20170425,0.36
20170426,0.45
20170427,0.68
20170428,0.82
20170429,0.86
20170430,0.88
20170501,0.94
20170502,1.35
20170503,1.27
20170504,1.23
20170505,1.2
20170506,1.24
20170507,1.62
20170508,2.15
20170509,2.13
20170510,2.16
20170511,2.35
20170512,2.28
20170513,1.95
20170514,1.81
20170515,1.77
20170516,1.85
20170517,2.48
20170518,2.63
20170519,2.7
20170520,2.78
20170521,2.9
20170522,3.12
20170523,3.12
20170524,3.21
20170525,3.23
20170526,3.04
20170527,3.47
20170528,3.76
20170529,3.9
20170530,4
20170531,4.09
20170601,4.52
20170602,4.53
20170603,4.74
20170604,4.94
20170605,4.76
20170606,4.93
20170607,5.31
20170608,5.58
20170609,5.59
20170610,5.62
20170611,5.7
20170612,5.69
20170613,5.91
20170614,6.06
20170615,6.11
20170616,6.57
20170617,6.71
20170618,6.59
20170619,6.98
20170620,7.28
20170621,7.28
20170622,7.28
20170623,7.46
20170624,8.01
20170625,8.3
20170626,7.98
20170627,7.76
20170628,7.71
20170629,7.79
20170630,7.7
20170701,7.75
20170702,7.88
20170703,8.34
20170704,8.58
20170705,8.51
20170706,8.19
20170707,8.33
20170708,8.27
20170709,8.79
20170710,9.24
20170711,9.36
20170712,9.55
20170713,9.72
20170714,9.88
20170715,10.04
20170716,9.66
20170717,9.44
20170718,10
20170719,9.91
20170720,9.91
20170721,9.98
20170722,10.19
20170723,10.42
20170724,10.61
20170725,10.59
20170726,10.68
20170727,10.72
20170728,10.69
20170729,10.68
20170730,10.77
20170731,10.9
20180301,-0.53
20180302,-0.41
20180303,-0.46
20180304,-0.71
20180305,-0.97
20180306,-1.01
20180307,-0.99
20180308,-1.02
20180309,-1.05
20180310,-1.13
20180311,-1.32
20180312,-1.55
20180313,-1.37
20180314,-1.32
20180315,-1.37
20180316,-1.39
20180317,-1.38
20180318,-1.5
20180319,-1.46
20180320,-1.27
20180321,-0.94
20180322,-0.79
20180323,-0.86
20180324,-0.9
20180325,-0.9
20180326,-0.87
20180327,-0.83
20180328,-0.76
20180329,-0.64
20180330,-0.59
20180331,-0.57
20180401,-0.54
20180402,-0.44
20180403,-0.21
20180404,-0.21
20180405,-0.42
20180406,-0.51
20180407,-0.3
20180408,-0.34
20180409,-0.29
20180410,-0.14
20180411,-0.23
20180412,-0.23
20180413,-0.03
20180414,0.26
20180415,0.11
20180416,0.19
20180417,0.13
20180418,0.59
20180419,0.79
20180420,0.93
20180421,0.97
20180422,0.82
20180423,0.61
20180424,0.73
20180425,0.95
20180426,1.41
20180427,1.54
20180428,1.57
20180429,1.76
20180430,1.8
20180501,1.74
20180502,1.68
20180503,1.68
20180504,1.77
20180505,1.8
20180506,1.82
20180507,1.97
20180508,2.35
20180509,2.5
20180510,2.64
20180511,2.64
20180512,2.77
20180513,2.88
20180514,2.94
20180515,2.98
20180516,3
20180517,3.08
20180518,3.19
20180519,4.34
20180520,4.55
20180521,4.64
20180522,4.54
20180523,4.26
20180524,4.32
20180525,4.34
20180526,4.47
20180527,4.78
20180528,4.8
20180529,4.86
20180530,5.13
20180531,5.21
20180601,5.19
20180602,5.31
20180603,5.61
20180604,5.58
20180605,5.61
20180606,5.94
20180607,6.39
20180608,6.49
20180609,6.59
20180610,6.75
20180611,6.96
20180612,7.22
20180613,7.25
20180614,7.55
20180615,7.53
20180616,7.55
20180617,7.55
20180618,7.45
20180619,7.43
20180620,7.42
20180621,7.54
20180622,7.99
20180623,8.01
20180624,8.03
20180625,7.99
20180626,8.16
20180627,8.79
20180628,9.08
20180629,9.26
20180630,9.53
20180701,9.66
20180702,9.7
20180703,9.82
20180704,9.8
20180705,9.9
20180706,10.12
20180707,9.33
20180708,9.34
20180709,9.6
20180710,9.77
20180711,9.69
20180712,9.67
20180713,9.47
20180714,9.28
20180715,9.43
20180716,9.57
20180717,9.94
20180718,10.17
20180719,10.24
20180720,10.28
20180721,10.33
20180722,10.39
20180723,10.17
20180724,10.28
20180725,10.44
20180726,10.58
20180727,10.76
20180728,10.76
20180729,10.53
20180730,10.57
20180731,10.58
20190301,0.92
20190302,1.01
20190303,1.2
20190304,1.22
20190305,1.07
20190306,1.21
20190307,1.35
20190308,1.35
20190309,1.36
20190310,1.22
20190311,0.78
20190312,0.8
20190313,1.06
20190314,1.28
20190315,1.28
20190316,1.23
20190317,1.12
20190318,1.1
20190319,1.1
20190320,1.16
20190321,1.2
20190322,1.13
20190323,0.93
20190324,0.8
20190325,0.81
20190326,0.86
20190327,1.04
20190328,1.05
20190329,1.16
20190330,1.33
20190331,1.71
20190401,1.83
20190402,1.57
20190403,1.7
20190404,1.84
20190405,1.92
20190406,2
20190407,1.94
20190408,1.95
20190409,1.95
20190410,2.14
20190411,2.24
20190412,2.01
20190413,2.02
20190414,2.32
20190415,2.35
20190416,2.25
20190417,2.13
20190418,1.86
20190419,1.98
20190420,2.11
20190421,2.2
20190422,1.72
20190423,1.65
20190424,1.58
20190425,2.02
20190426,2.28
20190427,2.39
20190428,2.58
20190429,2.66
20190430,2.69
20190501,2.89
20190502,2.95
20190503,3
20190504,2.99
20190505,2.98
20190506,2.86
20190507,3.02
20190508,3.24
20190509,3.44
20190510,4.09
20190511,4.32
20190512,4.24
20190513,4.06
20190514,3.95
20190515,4.05
20190516,4.2
20190517,4.45
20190518,4.71
20190519,4.61
20190520,4.75
20190521,4.61
20190522,4.75
20190523,4.75
20190524,5.06
20190525,5.31
20190526,5.43
20190527,5.77
20190528,6.38
20190529,6.53
20190530,6.34
20190531,6.49
20190601,6.69
20190602,7.03
20190603,7.2
20190604,7.18
20190605,7.25
20190606,7.35
20190607,7.9
20190608,7.89
20190609,7.84
20190610,8.21
20190611,8.59
20190612,8.72
20190613,8.71
20190614,8.96
20190615,9.29
20190616,9.59
20190617,9.76
20190618,9.73
20190619,9.94
20190620,9.86
20190621,9.93
20190622,9.6
20190623,9.39
20190624,9.29
20190625,9.62
20190626,9.85
20190627,10.21
20190628,10.1
20190629,10.09
20190630,10.07
20190701,10.13
20190702,9.98
20190703,11.73
20190704,12.48
20190705,12.62
20190706,12.81
20190707,14.34
20190708,13.41
20190709,13.5
20190710,13.64
20190711,14
20190712,11.99
20190713,12.55
20190714,13.41
20190715,13.1
20190716,13
20190717,12.83
20190718,12.97
20190719,12.86
20190720,13.33
20190721,13.7
20190722,13.54
20190723,13.53
20190724,12.23
20190725,11.88
20190726,11.92
20190727,11.99
20190728,12.01
20190729,12.03
20190730,12.26
20190731,12.03
20200301,-1.8
20200302,-1.8
20200303,-1.8
20200304,-1.8
20200305,-1.8
20200306,-1.8
20200307,-1.8
20200308,-1.8
20200309,-1.8
20200310,-1.8
20200311,-1.8
20200312,-1.8
20200313,-1.8
20200314,-1.8
20200315,-1.8
20200316,-1.78
20200317,-1.75
20200318,-1.51
20200319,-1.29
20200320,-1.23
20200321,-1.26
20200322,-1.49
20200323,-1.8
20200324,-1.79
20200325,-1.75
20200326,-1.69
20200327,-1.68
20200328,-1.75
20200329,-1.8
20200330,-1.8
20200331,-1.8
20200401,-1.8
20200402,-1.8
20200403,-1.79
20200404,-1.78
20200405,-1.7
20200406,-1.72
20200407,-1.7
20200408,-1.71
20200409,-1.69
20200410,-1.65
20200411,-1.67
20200412,-1.34
20200413,-1.3
20200414,-1.24
20200415,-1.07
20200416,-0.84
20200417,-0.98
20200418,-0.97
20200419,-0.02
20200420,0.11
20200421,0.07
20200422,0.18
20200423,0.2
20200424,0.37
20200425,0.16
20200426,0.13
20200427,0.39
20200428,0.56
20200429,0.54
20200430,0.51
20200501,0.45
20200502,0.69
20200503,0.9
20200504,1.02
20200505,1.04
20200506,1.13
20200507,1.31
20200508,2.01
20200509,2.11
20200510,2.04
20200511,1.92
20200512,1.86
20200513,1.96
20200514,2.06
20200515,2.08
20200516,2.08
20200517,2.02
20200518,4.89
20200519,4.19
20200520,2.19
20200521,1.84
20200522,1.65
20200523,3.23
20200524,3.34
20200525,3.31
20200526,3.45
20200527,3.92
20200528,4.22
20200529,4.78
20200530,5.07
20200531,5.02
20200601,4.85
20200602,4.91
20200603,5.04
20200604,4.91
20200605,5.43
20200606,6.13
20200607,5.93
20200608,6.16
20200609,6.23
20200610,6.18
20200611,6.04
20200612,5.71
20200613,5.54
20200614,5.75
20200615,5.54
20200616,5.79
20200617,6.51
20200618,6.74
20200619,7.36
20200620,7.46
20200621,7.56
20200622,7.59
20200623,7.54
20200624,7.28
20200625,7.89
20200626,7.45
20200627,7.39
20200628,7.25
20200629,8.18
20200630,8.88
20200701,8.9
20200702,9.79
20200703,9.52
20200704,9.49
20200705,9.34
20200706,9.23
20200707,8.19
20200708,8.75
20200709,8.58
20200710,8.44
20200711,8.76
20200712,9.87
20200713,9.4
20200714,13.53
20200715,13.41
20200716,13.29
20200717,12.52
20200718,12.34
20200719,12.28
20200720,11.43
20200721,11.06
20200722,10.95
20200723,11.24
20200724,11.47
20200725,11.4
20200726,11.51
20200727,11.44
20200728,11.59
20200729,11.52
20200730,12.19
20200731,12.31
20210301,-1.54
20210302,-1.42
20210303,-1.64
20210304,-1.74
20210305,-1.77
20210306,-1.76
20210307,-1.63
20210308,-1.49
20210309,-1.46
20210310,-1.44
20210311,-1.45
20210312,-1.59
20210313,-1.61
20210314,-1.6
20210315,-1.6
20210316,-1.65
20210317,-1.74
20210318,-1.77
20210319,-1.77
20210320,-1.77
20210321,-1.77
20210322,-1.79
20210323,-1.8
20210324,-1.79
20210325,-1.79
20210326,-1.79
20210327,-1.79
20210328,-1.78
20210329,-1.66
20210330,-1.74
20210331,-1.78
20210401,-1.78
20210402,-1.78
20210403,-1.76
20210404,-1.53
20210405,-1.49
20210406,-1.53
20210407,-1.59
20210408,-1.6
20210409,-1.71
20210410,-1.71
20210411,-1.71
20210412,-1.76
20210413,-1.77
20210414,-1.77
20210415,-1.34
20210416,-1.1
20210417,-1.03
20210418,-1.01
20210419,-0.71
20210420,-0.36
20210421,-0.24
20210422,-0.24
20210423,-0.4
20210424,-0.65
20210425,-0.71
20210426,0.1
20210427,0.21
20210428,0.19
20210429,0.14
20210430,0.18
20210501,-0.5
20210502,-0.12
20210503,0.01
20210504,0.05
20210505,0.17
20210506,0.36
20210507,0.32
20210508,0.25
20210509,0.48
20210510,0.98
20210511,1.37
20210512,1.55
20210513,1.58
20210514,1.61
20210515,1.5
20210516,1.6
20210517,1.67
20210518,2.07
20210519,2
20210520,1.95
20210521,1.98
20210522,2.42
20210523,2.63
20210524,2.49
20210525,2.43
20210526,2.35
20210527,2.53
20210528,3.18
20210529,3.52
20210530,3.5
20210531,3.58
20210601,4.22
20210602,4.3
20210603,4.09
20210604,4.06
20210605,4.45
20210606,4.53
20210607,4.54
20210608,4.6
20210609,4.55
20210610,4.51
20210611,5
20210612,5.57
20210613,5.49
20210614,5.45
20210615,5.99
20210616,5.92
20210617,6.09
20210618,6.34
20210619,6.86
20210620,7.9
20210621,8.36
20210622,8.51
20210623,9.03
20210624,9.21
20210625,8.43
20210626,7.75
20210627,7.62
20210628,7.4
20210629,7.55
20210630,7.14
20210701,7.01
20210702,6.9
20210703,7.01
20210704,7.29
20210705,8.05
20210706,8.53
20210707,8.33
20210708,8.44
20210709,8.63
20210710,8.75
20210711,8.8
20210712,8.83
20210713,8.75
20210714,8.75
20210715,9.06
20210716,9.25
20210717,9.53
20210718,9.85
20210719,9.92
20210720,9.98
20210721,9.82
20210722,9.41
20210723,9.36
20210724,9.36
20210725,9.42
20210726,9.84
20210727,9.88
20210728,9.73
20210729,9.84
20210730,9.9
20210731,9.89
20220301,-1.58
20220302,-1.55
20220303,-1.53
20220304,-1.51
20220305,-1.41
20220306,-1.48
20220307,-1.47
20220308,-1.43
20220309,-1.42
20220310,-1.46
20220311,-1.32
20220312,-1.34
20220313,-1.47
20220314,-1.46
20220315,-1.46
20220316,-1.48
20220317,-1.59
20220318,-1.8
20220319,-1.8
20220320,-1.8
20220321,-1.8
20220322,-1.8
20220323,-1.8
20220324,-1.8
20220325,-1.8
20220326,-1.8
20220327,-1.8
20220328,-1.79
20220329,-1.76
20220330,-1.7
20220331,-1.59
20220401,-1.47
20220402,-1.36
20220403,-1.44
20220404,-1.32
20220405,-1.3
20220406,-1.24
20220407,-1.63
20220408,-1.57
20220409,-1.5
20220410,-1.41
20220411,-1.21
20220412,-1.19
20220413,-1.32
20220414,-0.67
20220415,-0.68
20220416,-0.68
20220417,-0.76
20220418,-0.79
20220419,-0.74
20220420,-0.62
20220421,-0.48
20220422,-0.14
20220423,-0.03
20220424,-0.35
20220425,0.71
20220426,0.84
20220427,0.81
20220428,0.76
20220429,0.73
20220430,0.83
20220501,1.41
20220502,1.43
20220503,1.49
20220504,1.54
20220505,1.44
20220506,1.41
20220507,1.4
20220508,1.93
20220509,1.98
20220510,1.94
20220511,1.89
20220512,2.19
20220513,2.56
20220514,2.61
20220515,2.7
20220516,2.83
20220517,3.07
20220518,3.21
20220519,3.37
20220520,3.35
20220521,3.5
20220522,3.7
20220523,4.11
20220524,4.14
20220525,4.09
20220526,4
20220527,4.75
20220528,4.98
20220529,4.96
20220530,4.98
20220531,6.5
20220601,6.71
20220602,6.5
20220603,6.63
20220604,6.49
20220605,6.69
20220606,8.11
20220607,8.03
20220608,8.02
20220609,8.14
20220610,8.36
20220611,8.45
20220612,8.2
20220613,7.84
20220614,7.72
20220615,7.07
20220616,7.01
20220617,6.84
20220618,7.65
20220619,8.37
20220620,8.42
20220621,8.43
20220622,8.03
20220623,7.47
20220624,7.27
20220625,7.53
20220626,7.36
20220627,8.12
20220628,8.09
20220629,9
20220630,9.44
20220701,9.75
20220702,10.26
20220703,10.38
20220704,9.83
20220705,9.74
20220706,9.94
20220707,9.94
20220708,10.05
20220709,10.82
20220710,11.09
20220711,10.59
20220712,10.92
20220713,11.34
20220714,11.14
20220715,10.41
20220716,10.51
20220717,10.52
20220718,10.18
20220719,9.77
20220720,9.86
20220721,9.79
20220722,9.82
20220723,9.75
20220724,9.71
20220725,9.46
20220726,8.7
20220727,7.61
20220728,6.96
20220729,9.75
20220730,9.99
20220731,10.03
20230301,-1.5
20230302,-1.72
20230303,-1.79
20230304,-1.79
20230305,-1.71
20230306,-1.46
20230307,-1.13
20230308,-1.12
20230309,-1.13
20230310,-1.14
20230311,-1.39
20230312,-1.63
20230313,-1.79
20230314,-1.8
20230315,-1.8
20230316,-1.8
20230317,-1.8
20230318,-1.8
20230319,-1.76
20230320,-1.71
20230321,-1.7
20230322,-1.71
20230323,-1.75
20230324,-1.8
20230325,-1.8
20230326,-1.79
20230327,-1.72
20230328,-1.73
20230329,-1.69
20230330,-1.61
20230331,-1.67
20230401,-1.73
20230402,-1.74
20230403,-1.74
20230404,-1.8
20230405,-1.8
20230406,-1.8
20230407,-1.8
20230408,-1.8
20230409,-1.8
20230410,-1.8
20230411,-1.77
20230412,-1.75
20230413,-1.76
20230414,-1.79
20230415,-1.8
20230416,-1.8
20230417,-1.8
20230418,-1.8
20230419,-1.51
20230420,-1.11
20230421,-0.93
20230422,-0.85
20230423,-0.95
20230424,-0.99
20230425,-0.99
20230426,-1.1
20230427,-1.29
20230428,-0.99
20230429,-0.76
20230430,-0.76
20230501,-0.76
20230502,-0.76
20230503,-0.77
20230504,-0.74
20230505,-0.54
20230506,-0.19
20230507,-0.12
20230508,-0.1
20230509,-0.08
20230510,0.23
20230511,0.29
20230512,0.27
20230513,0.26
20230514,0.6
20230515,0.28
20230516,0.58
20230517,0.82
20230518,0.81
20230519,0.81
20230520,0.91
20230521,1.25
20230522,1.59
20230523,1.88
20230524,1.83
20230525,1.66
20230526,1.64
20230527,1.53
20230528,1.8
20230529,2.02
20230530,2.03
20230531,2.05
20230601,2.19
20230602,2.34
20230603,2.68
20230604,3.08
20230605,3.3
20230606,3.28
20230607,3.24
20230608,2.71
20230609,3.66
20230610,3.44
20230611,3.54
20230612,3.71
20230613,3.99
20230614,4.01
20230615,4.26
20230616,4.47
20230617,4.56
20230618,4.29
20230619,4.53
20230620,4.77
20230621,5.05
20230622,5.47
20230623,5.74
20230624,5.95
20230625,5.85
20230626,5.72
20230627,5.79
20230628,5.81
20230629,5.92
20230630,6.28
20230701,6.2
20230702,6.14
20230703,6.43
20230704,6.24
20230705,6.4
20230706,6.74
20230707,6.77
20230708,6.85
20230709,7.27
20230710,7.59
20230711,7.56
20230712,7.5
20230713,7.5
20230714,7.99
20230715,8.19
20230716,8.39
20230717,8.18
20230718,8.17
20230719,8.33
20230720,8.52
20230721,8.57
20230722,8.63
20230723,8.68
20230724,8.75
20230725,8.87
20230726,8.95
20230727,8.88
20230728,8.78
20230729,8.75
20230730,9.16
20230731,10.05
20240301,-1.8
20240302,-1.8
20240303,-1.79
20240304,-1.76
20240305,-1.71
20240306,-1.67
20240307,-1.69
20240308,-1.78
20240309,-1.8
20240310,-1.8
20240311,-1.8
20240312,-1.8
20240313,-1.8
20240314,-1.8
20240315,-1.8
20240316,-1.8
20240317,-1.8
20240318,-1.8
20240319,-1.8
20240320,-1.8
20240321,-1.8
20240322,-1.76
20240323,-1.76
20240324,-1.66
20240325,-1.8
20240326,-1.8
20240327,-1.8
20240328,-1.8
20240329,-1.8
20240330,-1.55
20240331,-1.6
20240401,-1.77
20240402,-1.8
20240403,-1.78
20240404,-1.76
20240405,-1.75
20240406,-1.77
20240407,-1.72
20240408,-1.72
20240409,-1.78
20240410,-1.8
20240411,-1.8
20240412,-1.8
20240413,-1.8
20240414,-1.8
20240415,-1.8
20240416,-1.77
20240417,-1.69
20240418,-1.72
20240419,-1.76
20240420,-1.65
20240421,-1.29
20240422,-1.28
20240423,-1.29
20240424,-1.28
20240425,-1.24
20240426,-1.39
20240427,-1.41
20240428,-0.85
20240429,-0.01
20240430,0.26
20240501,0.03
20240502,-0.07
20240503,-0.09
20240504,-0.2
20240505,-0.35
20240506,-0.47
20240507,-0.13
20240508,-0.14
20240509,-0.18
20240510,-0.21
20240511,0.21
20240512,0.48
20240513,0.46
20240514,0.42
20240515,0.5
20240516,0.53
20240517,0.57
20240518,0.68
20240519,0.89
20240520,1.01
20240521,0.97
20240522,0.91
20240523,0.88
20240524,0.96
20240525,1.17
20240526,1.37
20240527,1.6
20240528,1.67
20240529,1.73
20240530,1.61
20240531,1.69
20240601,2
20240602,2.11
20240603,2.28
20240604,2.31
20240605,2.16
20240606,2.17
20240607,2.39
20240608,2.87
20240609,3.59
20240610,3.98
20240611,3.94
20240612,4.02
20240613,3.96
20240614,4.3
20240615,4.82
20240616,4.99
20240617,5.26
20240618,5.81
20240619,6.5
20240620,5.88
20240621,5.79
20240622,5.79
20240623,5.87
20240624,5.98
20240625,6.23
20240626,6.43
20240627,6.49
20240628,6.45
20240629,6.4
20240630,6.35
20240701,6.26
20240702,6.17
20240703,6.11
20240704,6.13
20240705,6.32
20240706,6.51
20240707,6.59
20240708,7.52
20240709,7.42
20240710,7.35
20240711,7.23
20240712,7.13
20240713,6.98
20240714,6.89
20240715,7.05
20240716,7.52
20240717,7.65
20240718,8.22
20240719,8.79
20240720,9.22
20240721,9.56
20240722,9.63
20240723,9.76
20240724,10.34
20240725,9.8
20240726,9.45
20240727,9.42
20240728,9.44
20240729,9.22
20240730,8.85
20240731,8.99
