DOY,Qnet
1,-6.94681818181818
2,-7.70772727272727
3,-8.10954545454546
4,-7.9
5,-7.03727272727273
6,-7.17363636363636
7,-8.81818181818182
8,-7.66681818181818
9,-5.62136363636364
10,-5.50454545454545
11,-6.27545454545454
12,-5.71863636363636
13,-5.24727272727273
14,-4.74045454545455
15,-4.32818181818182
16,-5.75909090909091
17,-7.75636363636364
18,-8.29681818181818
19,-7.20227272727273
20,-7.36545454545455
21,-7.60409090909091
22,-9.03636363636364
23,-7.92909090909091
24,-5.18227272727273
25,-5.95681818181818
26,-7.14045454545455
27,-6.96136363636364
28,-8.07954545454546
29,-7.71863636363636
30,-5.735
31,-4.70727272727273
32,-4.36363636363636
33,-3.87727272727273
34,-2.805
35,-2.64909090909091
36,-4.495
37,-4.57318181818182
38,-6.20136363636364
39,-4.64863636363636
40,-4.63363636363636
41,-4.71772727272727
42,-4.23818181818182
43,-4.15454545454545
44,-6.54954545454545
45,-5.50409090909091
46,-3.85772727272727
47,-3.23909090909091
48,-3.11090909090909
49,-2.28590909090909
50,-2.90818181818182
51,-2.02545454545455
52,-2.49545454545455
53,-2.36909090909091
54,-1.79181818181818
55,-2.60409090909091
56,-2.70590909090909
57,-2.54409090909091
58,-4.42909090909091
59,-4.39090909090909
60,-4.84181818181818
61,-3.83409090909091
62,-4.79136363636364
63,-2.90045454545455
64,-3.64090909090909
65,-2.585
66,-1.10363636363636
67,-2.98545454545455
68,-3.29772727272727
69,-4.19681818181818
70,-5.06136363636364
71,-4.22727272727273
72,-5.63227272727273
73,-5.71818181818182
74,-5.64818181818182
75,-4.72045454545455
76,-4.04454545454545
77,-4.31590909090909
78,-4.34454545454545
79,-3.34045454545455
80,-3.99727272727273
81,-3.00863636363636
82,-2.00727272727273
83,-1.275
84,-0.513181818181819
85,-1.21636363636364
86,-0.534545454545455
87,-0.304545454545455
88,-0.202727272727273
89,-1.22363636363636
90,-2.05772727272727
91,-0.73
92,-0.274545454545454
93,-0.140909090909091
94,0.479090909090909
95,0.353636363636364
96,-0.124090909090909
97,0.361363636363636
98,-0.230909090909091
99,-0.285909090909091
100,0.655909090909091
101,0.771818181818182
102,1.98681818181818
103,1.27318181818182
104,0.649545454545455
105,2.32363636363636
106,2.44318181818182
107,2.32772727272727
108,2.01545454545455
109,1.34772727272727
110,3.32590909090909
111,3.16590909090909
112,3.92681818181818
113,4.45636363636364
114,3.99090909090909
115,4.71272727272727
116,4.24818181818182
117,4.04727272727273
118,3.53272727272727
119,4.20818181818182
120,4.37
121,4.44045454545455
122,4.42863636363636
123,5.05454545454545
124,4.335
125,3.96909090909091
126,4.09590909090909
127,3.78954545454545
128,5.25318181818182
129,5.75636363636364
130,5.00363636363636
131,5.29409090909091
132,6.03909090909091
133,5.56681818181818
134,5.64318181818182
135,5.64045454545455
136,5.46363636363636
137,5.66227272727273
138,6.24909090909091
139,5.78772727272727
140,6.45590909090909
141,5.38636363636363
142,6.59818181818182
143,6.22727272727273
144,6.52636363636364
145,6.18181818181818
146,5.84681818181818
147,6.69227272727273
148,7.16681818181818
149,7.01727272727273
150,6.51545454545455
151,6.88681818181818
152,7.57909090909091
153,6.68409090909091
154,7.03454545454545
155,7.58
156,6.76954545454545
157,7.38863636363636
158,6.89818181818182
159,6.6
160,6.71681818181818
161,6.33409090909091
162,6.71636363636364
163,5.58909090909091
164,6.79090909090909
165,7.24318181818182
166,6.91772727272727
167,6.63318181818182
168,6.32409090909091
169,6.66045454545455
170,5.685
171,5.87318181818182
172,6.13909090909091
173,5.67045454545455
174,6.02
175,5.17045454545454
176,5.00090909090909
177,5.4
178,5.89727272727273
179,5.55681818181818
180,6.16818181818182
181,5.36863636363636
182,5.53590909090909
183,5.94681818181818
184,6.15909090909091
185,6.69363636363636
186,5.91318181818182
187,5.65454545454546
188,6.34681818181818
189,5.03409090909091
190,5.64863636363636
191,4.94181818181818
192,5.42636363636364
193,5.83954545454545
194,5.29045454545455
195,5.84954545454545
196,5.48409090909091
197,4.87772727272727
198,4.90136363636364
199,4.41090909090909
200,4.72409090909091
201,4.88636363636364
202,4.12318181818182
203,4.47909090909091
204,4.27181818181818
205,3.54318181818182
206,4.62272727272727
207,4.94181818181818
208,4.625
209,3.86181818181818
210,4.46681818181818
211,4.84727272727273
212,3.98909090909091
213,4.02772727272727
214,4.82363636363636
215,4.21409090909091
216,3.97863636363636
217,4.01590909090909
218,3.87318181818182
219,3.44863636363636
220,3.77090909090909
221,2.91636363636364
222,3.225
223,3.255
224,3.49863636363636
225,3.28181818181818
226,3.14863636363636
227,3.30727272727273
228,3.045
229,3.35590909090909
230,2.615
231,3.30045454545455
232,3.24954545454545
233,2.47636363636364
234,3.00772727272727
235,1.81
236,2.46772727272727
237,1.82727272727273
238,2.07863636363636
239,2.57590909090909
240,2.44727272727273
241,2.43
242,1.84772727272727
243,1.56136363636364
244,1.73409090909091
245,1.625
246,1.59681818181818
247,1.39727272727273
248,2.03181818181818
249,0.908181818181818
250,0.834545454545454
251,0.264545454545455
252,0.617272727272727
253,0.371818181818182
254,0.901363636363636
255,0.44
256,0.133636363636364
257,0.929090909090909
258,0.678636363636364
259,0.99
260,-0.1
261,-0.872727272727273
262,-0.593636363636364
263,-1.31681818181818
264,-1.40409090909091
265,-1.12409090909091
266,-1.69
267,-1.28772727272727
268,-1.34
269,-1.90772727272727
270,-2.03181818181818
271,-0.935
272,-3.07181818181818
273,-1.83090909090909
274,-1.75181818181818
275,-1.82454545454545
276,-1.45636363636364
277,-1.51545454545455
278,-1.31
279,-1.92136363636364
280,-1.86772727272727
281,-2.195
282,-2.865
283,-1.69818181818182
284,-2.56863636363636
285,-2.36590909090909
286,-2.84181818181818
287,-2.64045454545455
288,-2.46136363636364
289,-3.06
290,-4.05909090909091
291,-3.91681818181818
292,-3.82954545454545
293,-4.20272727272727
294,-4.15727272727273
295,-4.30681818181818
296,-4.29409090909091
297,-4.05136363636364
298,-3.64318181818182
299,-3.46909090909091
300,-2.60409090909091
301,-2.83136363636364
302,-3.19363636363636
303,-4.38727272727273
304,-4.23545454545455
305,-4.58454545454545
306,-4.10454545454545
307,-4.21363636363636
308,-5.66681818181818
309,-4.90818181818182
310,-4.72045454545455
311,-4.36318181818182
312,-5.06318181818182
313,-4.85545454545455
314,-5.74772727272727
315,-4.85363636363636
316,-4.97272727272727
317,-4.78454545454545
318,-5.13090909090909
319,-5.41227272727273
320,-7.87909090909091
321,-7.32363636363636
322,-5.41636363636364
323,-6.055
324,-5.97090909090909
325,-6.29136363636364
326,-7.16272727272727
327,-7.18136363636364
328,-6.955
329,-5.37
330,-5.17
331,-4.24727272727273
332,-6.28227272727273
333,-7.02454545454546
334,-5.84
335,-5.38545454545455
336,-7.42954545454546
337,-6.87045454545454
338,-5.78
339,-4.33227272727273
340,-3.745
341,-5.12545454545455
342,-6.45863636363636
343,-6.30227272727273
344,-6.46
345,-8.13818181818182
346,-7.71818181818182
347,-6.56590909090909
348,-6.41363636363636
349,-6.76681818181818
350,-6.51681818181818
351,-6.69227272727273
352,-4.86636363636364
353,-4.53727272727273
354,-5.15318181818182
355,-6.38454545454546
356,-7.41227272727273
357,-7.32863636363636
358,-8.03136363636364
359,-7.61954545454546
360,-5.86318181818182
361,-6.04272727272727
362,-7.235
363,-7.205
364,-6.23863636363636
365,-6.61181818181818
366,-3.37166666666667
